{"type": "block", "layer": 0, "block": 0, "features": [{"geom": {"polygons": [[[[-82.4708894311625, 30.889456786215305], [-65.64009566968889, 38.908834990113974], [-53.462521359935636, 25.14718597382307], [-51.38342330703745, 2.079098053276539], [-69.99630111383158, -2.6731260675005615], [-79.69875869399402, 12.078569641336799], [-82.4708894311625, 30.889456786215305]]]], "centroids": [[-66.55103587853955, 17.638181573711336, 36.771541595458984]], "h": 140.0}, "mtl": {"face": 0}}], "featureCount": 1, "startIndex": 0}